DATE,SERVICE,NOTES,STATUS
2026-10-06-17-29-08,ExperimentHub,https://mghp.osn.xsede.org/bir190004-bucket01/ExperimentHub/BioImageDbs/v02/EM_id0005_Mouse_Kidney_2D_All_Mito_1024_4dTensor_dataset.gif HTTP/1.1 200,ok
2026-10-06-17-13-06,ExperimentHub,https://mghp.osn.xsede.org/bir190004-bucket01/ExperimentHub/BioImageDbs/v02/EM_id0005_Mouse_Kidney_2D_All_Mito_1024_4dTensor_dataset.gif HTTP/1.1 200,ok
2026-10-06-16-54-24,ExperimentHub,https://mghp.osn.xsede.org/bir190004-bucket01/ExperimentHub/BioImageDbs/v02/EM_id0005_Mouse_Kidney_2D_All_Mito_1024_4dTensor_dataset.gif HTTP/1.1 200,ok
2026-10-06-16-44-06,ExperimentHub,https://mghp.osn.xsede.org/bir190004-bucket01/ExperimentHub/BioImageDbs/v02/EM_id0005_Mouse_Kidney_2D_All_Mito_1024_4dTensor_dataset.gif HTTP/1.1 200,ok
2026-10-06-16-26-19,ExperimentHub,https://mghp.osn.xsede.org/bir190004-bucket01/ExperimentHub/BioImageDbs/v02/EM_id0005_Mouse_Kidney_2D_All_Mito_1024_4dTensor_dataset.gif HTTP/1.1 200,ok
2026-10-06-16-03-58,ExperimentHub,https://mghp.osn.xsede.org/bir190004-bucket01/ExperimentHub/BioImageDbs/v02/EM_id0005_Mouse_Kidney_2D_All_Mito_1024_4dTensor_dataset.gif HTTP/1.1 200,ok
2026-10-06-15-52-06,ExperimentHub,https://mghp.osn.xsede.org/bir190004-bucket01/ExperimentHub/BioImageDbs/v02/EM_id0005_Mouse_Kidney_2D_All_Mito_1024_4dTensor_dataset.gif HTTP/1.1 200,ok
2026-10-06-15-42-06,ExperimentHub,https://mghp.osn.xsede.org/bir190004-bucket01/ExperimentHub/BioImageDbs/v02/EM_id0005_Mouse_Kidney_2D_All_Mito_1024_4dTensor_dataset.gif HTTP/1.1 200,ok
2026-10-06-15-28-47,ExperimentHub,https://mghp.osn.xsede.org/bir190004-bucket01/ExperimentHub/BioImageDbs/v02/EM_id0005_Mouse_Kidney_2D_All_Mito_1024_4dTensor_dataset.gif HTTP/1.1 200,ok
2026-10-06-15-13-45,ExperimentHub,https://mghp.osn.xsede.org/bir190004-bucket01/ExperimentHub/BioImageDbs/v02/EM_id0005_Mouse_Kidney_2D_All_Mito_1024_4dTensor_dataset.gif HTTP/1.1 200,ok
2026-10-06-14-54-52,ExperimentHub,https://mghp.osn.xsede.org/bir190004-bucket01/ExperimentHub/BioImageDbs/v02/EM_id0005_Mouse_Kidney_2D_All_Mito_1024_4dTensor_dataset.gif HTTP/1.1 200,ok
2026-10-06-14-39-14,ExperimentHub,https://mghp.osn.xsede.org/bir190004-bucket01/ExperimentHub/BioImageDbs/v02/EM_id0005_Mouse_Kidney_2D_All_Mito_1024_4dTensor_dataset.gif HTTP/1.1 200,ok
2026-10-06-14-17-02,ExperimentHub,https://mghp.osn.xsede.org/bir190004-bucket01/ExperimentHub/BioImageDbs/v02/EM_id0005_Mouse_Kidney_2D_All_Mito_1024_4dTensor_dataset.gif HTTP/1.1 200,ok
2026-10-06-13-54-13,ExperimentHub,https://mghp.osn.xsede.org/bir190004-bucket01/ExperimentHub/BioImageDbs/v02/EM_id0005_Mouse_Kidney_2D_All_Mito_1024_4dTensor_dataset.gif HTTP/1.1 200,ok
2026-10-06-13-44-31,ExperimentHub,https://mghp.osn.xsede.org/bir190004-bucket01/ExperimentHub/BioImageDbs/v02/EM_id0005_Mouse_Kidney_2D_All_Mito_1024_4dTensor_dataset.gif HTTP/1.1 200,ok
2026-10-06-13-30-45,ExperimentHub,https://mghp.osn.xsede.org/bir190004-bucket01/ExperimentHub/BioImageDbs/v02/EM_id0005_Mouse_Kidney_2D_All_Mito_1024_4dTensor_dataset.gif HTTP/1.1 200,ok
2026-10-06-13-16-57,ExperimentHub,https://mghp.osn.xsede.org/bir190004-bucket01/ExperimentHub/BioImageDbs/v02/EM_id0005_Mouse_Kidney_2D_All_Mito_1024_4dTensor_dataset.gif HTTP/1.1 200,ok
2026-10-06-12-56-48,ExperimentHub,https://mghp.osn.xsede.org/bir190004-bucket01/ExperimentHub/BioImageDbs/v02/EM_id0005_Mouse_Kidney_2D_All_Mito_1024_4dTensor_dataset.gif HTTP/1.1 200,ok
2026-10-06-12-44-49,ExperimentHub,https://mghp.osn.xsede.org/bir190004-bucket01/ExperimentHub/BioImageDbs/v02/EM_id0005_Mouse_Kidney_2D_All_Mito_1024_4dTensor_dataset.gif HTTP/1.1 200,ok
2026-10-06-12-25-13,ExperimentHub,https://mghp.osn.xsede.org/bir190004-bucket01/ExperimentHub/BioImageDbs/v02/EM_id0005_Mouse_Kidney_2D_All_Mito_1024_4dTensor_dataset.gif HTTP/1.1 200,ok
2026-10-06-11-57-37,ExperimentHub,https://mghp.osn.xsede.org/bir190004-bucket01/ExperimentHub/BioImageDbs/v02/EM_id0005_Mouse_Kidney_2D_All_Mito_1024_4dTensor_dataset.gif HTTP/1.1 200,ok
2026-10-06-11-48-13,ExperimentHub,https://mghp.osn.xsede.org/bir190004-bucket01/ExperimentHub/BioImageDbs/v02/EM_id0005_Mouse_Kidney_2D_All_Mito_1024_4dTensor_dataset.gif HTTP/1.1 200,ok
2026-10-06-11-35-22,ExperimentHub,https://mghp.osn.xsede.org/bir190004-bucket01/ExperimentHub/BioImageDbs/v02/EM_id0005_Mouse_Kidney_2D_All_Mito_1024_4dTensor_dataset.gif HTTP/1.1 200,ok
2026-10-06-11-22-30,ExperimentHub,https://mghp.osn.xsede.org/bir190004-bucket01/ExperimentHub/BioImageDbs/v02/EM_id0005_Mouse_Kidney_2D_All_Mito_1024_4dTensor_dataset.gif HTTP/1.1 200,ok
2026-10-06-10-59-56,ExperimentHub,https://mghp.osn.xsede.org/bir190004-bucket01/ExperimentHub/BioImageDbs/v02/EM_id0005_Mouse_Kidney_2D_All_Mito_1024_4dTensor_dataset.gif HTTP/1.1 200,ok
2026-10-06-10-50-59,ExperimentHub,https://mghp.osn.xsede.org/bir190004-bucket01/ExperimentHub/BioImageDbs/v02/EM_id0005_Mouse_Kidney_2D_All_Mito_1024_4dTensor_dataset.gif HTTP/1.1 200,ok
2026-10-06-10-37-43,ExperimentHub,https://mghp.osn.xsede.org/bir190004-bucket01/ExperimentHub/BioImageDbs/v02/EM_id0005_Mouse_Kidney_2D_All_Mito_1024_4dTensor_dataset.gif HTTP/1.1 200,ok
2026-10-06-10-22-56,ExperimentHub,https://mghp.osn.xsede.org/bir190004-bucket01/ExperimentHub/BioImageDbs/v02/EM_id0005_Mouse_Kidney_2D_All_Mito_1024_4dTensor_dataset.gif HTTP/1.1 200,ok
2026-10-06-09-58-16,ExperimentHub,https://mghp.osn.xsede.org/bir190004-bucket01/ExperimentHub/BioImageDbs/v02/EM_id0005_Mouse_Kidney_2D_All_Mito_1024_4dTensor_dataset.gif HTTP/1.1 200,ok
2026-10-06-09-47-24,ExperimentHub,https://mghp.osn.xsede.org/bir190004-bucket01/ExperimentHub/BioImageDbs/v02/EM_id0005_Mouse_Kidney_2D_All_Mito_1024_4dTensor_dataset.gif HTTP/1.1 200,ok
2026-10-06-09-32-30,ExperimentHub,https://mghp.osn.xsede.org/bir190004-bucket01/ExperimentHub/BioImageDbs/v02/EM_id0005_Mouse_Kidney_2D_All_Mito_1024_4dTensor_dataset.gif HTTP/1.1 200,ok
2026-10-06-09-12-07,ExperimentHub,https://mghp.osn.xsede.org/bir190004-bucket01/ExperimentHub/BioImageDbs/v02/EM_id0005_Mouse_Kidney_2D_All_Mito_1024_4dTensor_dataset.gif HTTP/1.1 200,ok
2026-10-06-08-53-34,ExperimentHub,https://mghp.osn.xsede.org/bir190004-bucket01/ExperimentHub/BioImageDbs/v02/EM_id0005_Mouse_Kidney_2D_All_Mito_1024_4dTensor_dataset.gif HTTP/1.1 200,ok
2026-10-06-08-31-42,ExperimentHub,https://mghp.osn.xsede.org/bir190004-bucket01/ExperimentHub/BioImageDbs/v02/EM_id0005_Mouse_Kidney_2D_All_Mito_1024_4dTensor_dataset.gif HTTP/1.1 200,ok
2026-10-06-07-56-59,ExperimentHub,https://mghp.osn.xsede.org/bir190004-bucket01/ExperimentHub/BioImageDbs/v02/EM_id0005_Mouse_Kidney_2D_All_Mito_1024_4dTensor_dataset.gif HTTP/1.1 200,ok
2026-10-06-07-46-58,ExperimentHub,https://mghp.osn.xsede.org/bir190004-bucket01/ExperimentHub/BioImageDbs/v02/EM_id0005_Mouse_Kidney_2D_All_Mito_1024_4dTensor_dataset.gif HTTP/1.1 200,ok
2026-10-06-07-33-58,ExperimentHub,https://mghp.osn.xsede.org/bir190004-bucket01/ExperimentHub/BioImageDbs/v02/EM_id0005_Mouse_Kidney_2D_All_Mito_1024_4dTensor_dataset.gif HTTP/1.1 200,ok
2026-10-06-07-20-30,ExperimentHub,https://mghp.osn.xsede.org/bir190004-bucket01/ExperimentHub/BioImageDbs/v02/EM_id0005_Mouse_Kidney_2D_All_Mito_1024_4dTensor_dataset.gif HTTP/1.1 200,ok
2026-10-06-06-59-05,ExperimentHub,https://mghp.osn.xsede.org/bir190004-bucket01/ExperimentHub/BioImageDbs/v02/EM_id0005_Mouse_Kidney_2D_All_Mito_1024_4dTensor_dataset.gif HTTP/1.1 200,ok
2026-10-06-06-50-16,ExperimentHub,https://mghp.osn.xsede.org/bir190004-bucket01/ExperimentHub/BioImageDbs/v02/EM_id0005_Mouse_Kidney_2D_All_Mito_1024_4dTensor_dataset.gif HTTP/1.1 200,ok
2026-10-06-06-36-33,ExperimentHub,https://mghp.osn.xsede.org/bir190004-bucket01/ExperimentHub/BioImageDbs/v02/EM_id0005_Mouse_Kidney_2D_All_Mito_1024_4dTensor_dataset.gif HTTP/1.1 200,ok
2026-10-06-06-21-43,ExperimentHub,https://mghp.osn.xsede.org/bir190004-bucket01/ExperimentHub/BioImageDbs/v02/EM_id0005_Mouse_Kidney_2D_All_Mito_1024_4dTensor_dataset.gif HTTP/1.1 200,ok
2026-10-06-05-57-04,ExperimentHub,https://mghp.osn.xsede.org/bir190004-bucket01/ExperimentHub/BioImageDbs/v02/EM_id0005_Mouse_Kidney_2D_All_Mito_1024_4dTensor_dataset.gif HTTP/1.1 200,ok
2026-10-06-05-46-56,ExperimentHub,https://mghp.osn.xsede.org/bir190004-bucket01/ExperimentHub/BioImageDbs/v02/EM_id0005_Mouse_Kidney_2D_All_Mito_1024_4dTensor_dataset.gif HTTP/1.1 200,ok
2026-10-06-05-28-10,ExperimentHub,https://mghp.osn.xsede.org/bir190004-bucket01/ExperimentHub/BioImageDbs/v02/EM_id0005_Mouse_Kidney_2D_All_Mito_1024_4dTensor_dataset.gif HTTP/1.1 200,ok
2026-10-06-05-03-00,ExperimentHub,https://mghp.osn.xsede.org/bir190004-bucket01/ExperimentHub/BioImageDbs/v02/EM_id0005_Mouse_Kidney_2D_All_Mito_1024_4dTensor_dataset.gif HTTP/1.1 200,ok
2026-10-06-04-51-50,ExperimentHub,https://mghp.osn.xsede.org/bir190004-bucket01/ExperimentHub/BioImageDbs/v02/EM_id0005_Mouse_Kidney_2D_All_Mito_1024_4dTensor_dataset.gif HTTP/1.1 200,ok
2026-10-06-04-31-23,ExperimentHub,https://mghp.osn.xsede.org/bir190004-bucket01/ExperimentHub/BioImageDbs/v02/EM_id0005_Mouse_Kidney_2D_All_Mito_1024_4dTensor_dataset.gif HTTP/1.1 200,ok
2026-10-06-04-00-23,ExperimentHub,https://mghp.osn.xsede.org/bir190004-bucket01/ExperimentHub/BioImageDbs/v02/EM_id0005_Mouse_Kidney_2D_All_Mito_1024_4dTensor_dataset.gif HTTP/1.1 200,ok
2026-10-06-03-50-44,ExperimentHub,https://mghp.osn.xsede.org/bir190004-bucket01/ExperimentHub/BioImageDbs/v02/EM_id0005_Mouse_Kidney_2D_All_Mito_1024_4dTensor_dataset.gif HTTP/1.1 200,ok
2026-10-06-03-30-38,ExperimentHub,https://mghp.osn.xsede.org/bir190004-bucket01/ExperimentHub/BioImageDbs/v02/EM_id0005_Mouse_Kidney_2D_All_Mito_1024_4dTensor_dataset.gif HTTP/1.1 200,ok
2026-10-06-03-02-26,ExperimentHub,https://mghp.osn.xsede.org/bir190004-bucket01/ExperimentHub/BioImageDbs/v02/EM_id0005_Mouse_Kidney_2D_All_Mito_1024_4dTensor_dataset.gif HTTP/1.1 200,ok
2026-10-06-02-36-13,ExperimentHub,https://mghp.osn.xsede.org/bir190004-bucket01/ExperimentHub/BioImageDbs/v02/EM_id0005_Mouse_Kidney_2D_All_Mito_1024_4dTensor_dataset.gif HTTP/1.1 200,ok
2026-10-06-01-56-42,ExperimentHub,https://mghp.osn.xsede.org/bir190004-bucket01/ExperimentHub/BioImageDbs/v02/EM_id0005_Mouse_Kidney_2D_All_Mito_1024_4dTensor_dataset.gif HTTP/1.1 200,ok
2026-10-06-01-45-44,ExperimentHub,https://mghp.osn.xsede.org/bir190004-bucket01/ExperimentHub/BioImageDbs/v02/EM_id0005_Mouse_Kidney_2D_All_Mito_1024_4dTensor_dataset.gif HTTP/1.1 200,ok
2026-10-06-01-29-03,ExperimentHub,https://mghp.osn.xsede.org/bir190004-bucket01/ExperimentHub/BioImageDbs/v02/EM_id0005_Mouse_Kidney_2D_All_Mito_1024_4dTensor_dataset.gif HTTP/1.1 200,ok
2026-10-06-01-09-24,ExperimentHub,https://mghp.osn.xsede.org/bir190004-bucket01/ExperimentHub/BioImageDbs/v02/EM_id0005_Mouse_Kidney_2D_All_Mito_1024_4dTensor_dataset.gif HTTP/1.1 200,ok
2026-10-06-00-53-17,ExperimentHub,https://mghp.osn.xsede.org/bir190004-bucket01/ExperimentHub/BioImageDbs/v02/EM_id0005_Mouse_Kidney_2D_All_Mito_1024_4dTensor_dataset.gif HTTP/1.1 200,ok
2026-10-06-00-37-49,ExperimentHub,https://mghp.osn.xsede.org/bir190004-bucket01/ExperimentHub/BioImageDbs/v02/EM_id0005_Mouse_Kidney_2D_All_Mito_1024_4dTensor_dataset.gif HTTP/1.1 200,ok
2026-10-06-00-16-44,ExperimentHub,https://mghp.osn.xsede.org/bir190004-bucket01/ExperimentHub/BioImageDbs/v02/EM_id0005_Mouse_Kidney_2D_All_Mito_1024_4dTensor_dataset.gif HTTP/1.1 200,ok
2026-10-05-23-54-09,ExperimentHub,https://mghp.osn.xsede.org/bir190004-bucket01/ExperimentHub/BioImageDbs/v02/EM_id0005_Mouse_Kidney_2D_All_Mito_1024_4dTensor_dataset.gif HTTP/1.1 200,ok
2026-10-05-23-37-34,ExperimentHub,https://mghp.osn.xsede.org/bir190004-bucket01/ExperimentHub/BioImageDbs/v02/EM_id0005_Mouse_Kidney_2D_All_Mito_1024_4dTensor_dataset.gif HTTP/1.1 200,ok
2026-10-05-23-13-31,ExperimentHub,https://mghp.osn.xsede.org/bir190004-bucket01/ExperimentHub/BioImageDbs/v02/EM_id0005_Mouse_Kidney_2D_All_Mito_1024_4dTensor_dataset.gif HTTP/1.1 200,ok
2026-10-05-22-53-37,ExperimentHub,https://mghp.osn.xsede.org/bir190004-bucket01/ExperimentHub/BioImageDbs/v02/EM_id0005_Mouse_Kidney_2D_All_Mito_1024_4dTensor_dataset.gif HTTP/1.1 200,ok
2026-10-05-22-32-27,ExperimentHub,https://mghp.osn.xsede.org/bir190004-bucket01/ExperimentHub/BioImageDbs/v02/EM_id0005_Mouse_Kidney_2D_All_Mito_1024_4dTensor_dataset.gif HTTP/1.1 200,ok
2026-10-05-21-58-16,ExperimentHub,https://mghp.osn.xsede.org/bir190004-bucket01/ExperimentHub/BioImageDbs/v02/EM_id0005_Mouse_Kidney_2D_All_Mito_1024_4dTensor_dataset.gif HTTP/1.1 200,ok
2026-10-05-21-34-59,ExperimentHub,https://mghp.osn.xsede.org/bir190004-bucket01/ExperimentHub/BioImageDbs/v02/EM_id0005_Mouse_Kidney_2D_All_Mito_1024_4dTensor_dataset.gif HTTP/1.1 200,ok
2026-10-05-20-55-36,ExperimentHub,https://mghp.osn.xsede.org/bir190004-bucket01/ExperimentHub/BioImageDbs/v02/EM_id0005_Mouse_Kidney_2D_All_Mito_1024_4dTensor_dataset.gif HTTP/1.1 200,ok
2026-10-05-19-55-54,ExperimentHub,https://mghp.osn.xsede.org/bir190004-bucket01/ExperimentHub/BioImageDbs/v02/EM_id0005_Mouse_Kidney_2D_All_Mito_1024_4dTensor_dataset.gif HTTP/1.1 200,ok
2026-10-05-19-47-01,ExperimentHub,https://mghp.osn.xsede.org/bir190004-bucket01/ExperimentHub/BioImageDbs/v02/EM_id0005_Mouse_Kidney_2D_All_Mito_1024_4dTensor_dataset.gif HTTP/1.1 200,ok
2026-10-05-19-38-00,ExperimentHub,https://mghp.osn.xsede.org/bir190004-bucket01/ExperimentHub/BioImageDbs/v02/EM_id0005_Mouse_Kidney_2D_All_Mito_1024_4dTensor_dataset.gif HTTP/1.1 200,ok
2026-10-05-19-25-05,ExperimentHub,https://mghp.osn.xsede.org/bir190004-bucket01/ExperimentHub/BioImageDbs/v02/EM_id0005_Mouse_Kidney_2D_All_Mito_1024_4dTensor_dataset.gif HTTP/1.1 200,ok
2026-10-05-19-09-38,ExperimentHub,https://mghp.osn.xsede.org/bir190004-bucket01/ExperimentHub/BioImageDbs/v02/EM_id0005_Mouse_Kidney_2D_All_Mito_1024_4dTensor_dataset.gif HTTP/1.1 200,ok
2026-10-05-18-53-32,ExperimentHub,https://mghp.osn.xsede.org/bir190004-bucket01/ExperimentHub/BioImageDbs/v02/EM_id0005_Mouse_Kidney_2D_All_Mito_1024_4dTensor_dataset.gif HTTP/1.1 200,ok
2026-10-05-18-44-36,ExperimentHub,https://mghp.osn.xsede.org/bir190004-bucket01/ExperimentHub/BioImageDbs/v02/EM_id0005_Mouse_Kidney_2D_All_Mito_1024_4dTensor_dataset.gif HTTP/1.1 200,ok
2026-10-05-18-32-41,ExperimentHub,https://mghp.osn.xsede.org/bir190004-bucket01/ExperimentHub/BioImageDbs/v02/EM_id0005_Mouse_Kidney_2D_All_Mito_1024_4dTensor_dataset.gif HTTP/1.1 200,ok
2026-10-05-18-20-19,ExperimentHub,https://mghp.osn.xsede.org/bir190004-bucket01/ExperimentHub/BioImageDbs/v02/EM_id0005_Mouse_Kidney_2D_All_Mito_1024_4dTensor_dataset.gif HTTP/1.1 200,ok
2026-10-05-17-58-35,ExperimentHub,https://mghp.osn.xsede.org/bir190004-bucket01/ExperimentHub/BioImageDbs/v02/EM_id0005_Mouse_Kidney_2D_All_Mito_1024_4dTensor_dataset.gif HTTP/1.1 200,ok
2026-10-05-17-49-42,ExperimentHub,https://mghp.osn.xsede.org/bir190004-bucket01/ExperimentHub/BioImageDbs/v02/EM_id0005_Mouse_Kidney_2D_All_Mito_1024_4dTensor_dataset.gif HTTP/1.1 200,ok
2026-10-05-17-37-58,ExperimentHub,https://mghp.osn.xsede.org/bir190004-bucket01/ExperimentHub/BioImageDbs/v02/EM_id0005_Mouse_Kidney_2D_All_Mito_1024_4dTensor_dataset.gif HTTP/1.1 200,ok
2026-10-05-17-24-02,ExperimentHub,https://mghp.osn.xsede.org/bir190004-bucket01/ExperimentHub/BioImageDbs/v02/EM_id0005_Mouse_Kidney_2D_All_Mito_1024_4dTensor_dataset.gif HTTP/1.1 200,ok
2026-10-05-17-18-07,ExperimentHub,https://mghp.osn.xsede.org/bir190004-bucket01/ExperimentHub/BioImageDbs/v02/EM_id0005_Mouse_Kidney_2D_All_Mito_1024_4dTensor_dataset.gif HTTP/1.1 200,ok
2026-10-05-16-50-12,ExperimentHub,https://mghp.osn.xsede.org/bir190004-bucket01/ExperimentHub/BioImageDbs/v02/EM_id0005_Mouse_Kidney_2D_All_Mito_1024_4dTensor_dataset.gif HTTP/1.1 200,ok
2026-10-05-15-47-24,ExperimentHub,https://mghp.osn.xsede.org/bir190004-bucket01/ExperimentHub/BioImageDbs/v02/EM_id0005_Mouse_Kidney_2D_All_Mito_1024_4dTensor_dataset.gif HTTP/1.1 200,ok
2026-10-05-15-23-22,ExperimentHub,https://mghp.osn.xsede.org/bir190004-bucket01/ExperimentHub/BioImageDbs/v02/EM_id0005_Mouse_Kidney_2D_All_Mito_1024_4dTensor_dataset.gif HTTP/1.1 200,ok
2026-10-05-15-02-06,ExperimentHub,https://mghp.osn.xsede.org/bir190004-bucket01/ExperimentHub/BioImageDbs/v02/EM_id0005_Mouse_Kidney_2D_All_Mito_1024_4dTensor_dataset.gif HTTP/1.1 200,ok
2026-10-05-14-51-21,ExperimentHub,https://mghp.osn.xsede.org/bir190004-bucket01/ExperimentHub/BioImageDbs/v02/EM_id0005_Mouse_Kidney_2D_All_Mito_1024_4dTensor_dataset.gif HTTP/1.1 200,ok
2026-10-05-14-27-24,ExperimentHub,https://mghp.osn.xsede.org/bir190004-bucket01/ExperimentHub/BioImageDbs/v02/EM_id0005_Mouse_Kidney_2D_All_Mito_1024_4dTensor_dataset.gif HTTP/1.1 200,ok
2026-10-05-13-56-38,ExperimentHub,https://mghp.osn.xsede.org/bir190004-bucket01/ExperimentHub/BioImageDbs/v02/EM_id0005_Mouse_Kidney_2D_All_Mito_1024_4dTensor_dataset.gif HTTP/1.1 200,ok
2026-10-05-13-46-55,ExperimentHub,https://mghp.osn.xsede.org/bir190004-bucket01/ExperimentHub/BioImageDbs/v02/EM_id0005_Mouse_Kidney_2D_All_Mito_1024_4dTensor_dataset.gif HTTP/1.1 200,ok
2026-10-05-13-33-24,ExperimentHub,https://mghp.osn.xsede.org/bir190004-bucket01/ExperimentHub/BioImageDbs/v02/EM_id0005_Mouse_Kidney_2D_All_Mito_1024_4dTensor_dataset.gif HTTP/1.1 200,ok
2026-10-05-13-19-10,ExperimentHub,https://mghp.osn.xsede.org/bir190004-bucket01/ExperimentHub/BioImageDbs/v02/EM_id0005_Mouse_Kidney_2D_All_Mito_1024_4dTensor_dataset.gif HTTP/1.1 200,ok
2026-10-05-12-58-14,ExperimentHub,https://mghp.osn.xsede.org/bir190004-bucket01/ExperimentHub/BioImageDbs/v02/EM_id0005_Mouse_Kidney_2D_All_Mito_1024_4dTensor_dataset.gif HTTP/1.1 200,ok
2026-10-05-12-49-02,ExperimentHub,https://mghp.osn.xsede.org/bir190004-bucket01/ExperimentHub/BioImageDbs/v02/EM_id0005_Mouse_Kidney_2D_All_Mito_1024_4dTensor_dataset.gif HTTP/1.1 200,ok
2026-10-05-12-32-44,ExperimentHub,https://mghp.osn.xsede.org/bir190004-bucket01/ExperimentHub/BioImageDbs/v02/EM_id0005_Mouse_Kidney_2D_All_Mito_1024_4dTensor_dataset.gif HTTP/1.1 200,ok
2026-10-05-12-10-12,ExperimentHub,https://mghp.osn.xsede.org/bir190004-bucket01/ExperimentHub/BioImageDbs/v02/EM_id0005_Mouse_Kidney_2D_All_Mito_1024_4dTensor_dataset.gif HTTP/1.1 200,ok
2026-10-05-11-53-13,ExperimentHub,https://mghp.osn.xsede.org/bir190004-bucket01/ExperimentHub/BioImageDbs/v02/EM_id0005_Mouse_Kidney_2D_All_Mito_1024_4dTensor_dataset.gif HTTP/1.1 200,ok
2026-10-05-11-41-21,ExperimentHub,https://mghp.osn.xsede.org/bir190004-bucket01/ExperimentHub/BioImageDbs/v02/EM_id0005_Mouse_Kidney_2D_All_Mito_1024_4dTensor_dataset.gif HTTP/1.1 200,ok
2026-10-05-11-24-09,ExperimentHub,https://mghp.osn.xsede.org/bir190004-bucket01/ExperimentHub/BioImageDbs/v02/EM_id0005_Mouse_Kidney_2D_All_Mito_1024_4dTensor_dataset.gif HTTP/1.1 200,ok
2026-10-05-10-59-29,ExperimentHub,https://mghp.osn.xsede.org/bir190004-bucket01/ExperimentHub/BioImageDbs/v02/EM_id0005_Mouse_Kidney_2D_All_Mito_1024_4dTensor_dataset.gif HTTP/1.1 200,ok
2026-10-05-10-48-24,ExperimentHub,https://mghp.osn.xsede.org/bir190004-bucket01/ExperimentHub/BioImageDbs/v02/EM_id0005_Mouse_Kidney_2D_All_Mito_1024_4dTensor_dataset.gif HTTP/1.1 200,ok
2026-10-05-10-29-08,ExperimentHub,https://mghp.osn.xsede.org/bir190004-bucket01/ExperimentHub/BioImageDbs/v02/EM_id0005_Mouse_Kidney_2D_All_Mito_1024_4dTensor_dataset.gif HTTP/1.1 200,ok
2026-10-05-10-00-59,ExperimentHub,https://mghp.osn.xsede.org/bir190004-bucket01/ExperimentHub/BioImageDbs/v02/EM_id0005_Mouse_Kidney_2D_All_Mito_1024_4dTensor_dataset.gif HTTP/1.1 200,ok
2026-10-05-09-50-40,ExperimentHub,https://mghp.osn.xsede.org/bir190004-bucket01/ExperimentHub/BioImageDbs/v02/EM_id0005_Mouse_Kidney_2D_All_Mito_1024_4dTensor_dataset.gif HTTP/1.1 200,ok
2026-10-05-09-29-54,ExperimentHub,https://mghp.osn.xsede.org/bir190004-bucket01/ExperimentHub/BioImageDbs/v02/EM_id0005_Mouse_Kidney_2D_All_Mito_1024_4dTensor_dataset.gif HTTP/1.1 200,ok
2026-10-05-08-59-08,ExperimentHub,https://mghp.osn.xsede.org/bir190004-bucket01/ExperimentHub/BioImageDbs/v02/EM_id0005_Mouse_Kidney_2D_All_Mito_1024_4dTensor_dataset.gif HTTP/1.1 200,ok
2026-10-05-08-34-20,ExperimentHub,https://mghp.osn.xsede.org/bir190004-bucket01/ExperimentHub/BioImageDbs/v02/EM_id0005_Mouse_Kidney_2D_All_Mito_1024_4dTensor_dataset.gif HTTP/1.1 200,ok
2026-10-05-07-57-12,ExperimentHub,https://mghp.osn.xsede.org/bir190004-bucket01/ExperimentHub/BioImageDbs/v02/EM_id0005_Mouse_Kidney_2D_All_Mito_1024_4dTensor_dataset.gif HTTP/1.1 200,ok
2026-10-05-07-47-33,ExperimentHub,https://mghp.osn.xsede.org/bir190004-bucket01/ExperimentHub/BioImageDbs/v02/EM_id0005_Mouse_Kidney_2D_All_Mito_1024_4dTensor_dataset.gif HTTP/1.1 200,ok
2026-10-05-07-34-24,ExperimentHub,https://mghp.osn.xsede.org/bir190004-bucket01/ExperimentHub/BioImageDbs/v02/EM_id0005_Mouse_Kidney_2D_All_Mito_1024_4dTensor_dataset.gif HTTP/1.1 200,ok
2026-10-05-07-20-12,ExperimentHub,https://mghp.osn.xsede.org/bir190004-bucket01/ExperimentHub/BioImageDbs/v02/EM_id0005_Mouse_Kidney_2D_All_Mito_1024_4dTensor_dataset.gif HTTP/1.1 200,ok
2026-10-05-06-56-42,ExperimentHub,https://mghp.osn.xsede.org/bir190004-bucket01/ExperimentHub/BioImageDbs/v02/EM_id0005_Mouse_Kidney_2D_All_Mito_1024_4dTensor_dataset.gif HTTP/1.1 200,ok
2026-10-05-06-45-35,ExperimentHub,https://mghp.osn.xsede.org/bir190004-bucket01/ExperimentHub/BioImageDbs/v02/EM_id0005_Mouse_Kidney_2D_All_Mito_1024_4dTensor_dataset.gif HTTP/1.1 200,ok
2026-10-05-06-26-02,ExperimentHub,https://mghp.osn.xsede.org/bir190004-bucket01/ExperimentHub/BioImageDbs/v02/EM_id0005_Mouse_Kidney_2D_All_Mito_1024_4dTensor_dataset.gif HTTP/1.1 200,ok
2026-10-05-05-58-52,ExperimentHub,https://mghp.osn.xsede.org/bir190004-bucket01/ExperimentHub/BioImageDbs/v02/EM_id0005_Mouse_Kidney_2D_All_Mito_1024_4dTensor_dataset.gif HTTP/1.1 200,ok
2026-10-05-05-38-41,ExperimentHub,https://mghp.osn.xsede.org/bir190004-bucket01/ExperimentHub/BioImageDbs/v02/EM_id0005_Mouse_Kidney_2D_All_Mito_1024_4dTensor_dataset.gif HTTP/1.1 200,ok
2026-10-05-05-02-39,ExperimentHub,https://mghp.osn.xsede.org/bir190004-bucket01/ExperimentHub/BioImageDbs/v02/EM_id0005_Mouse_Kidney_2D_All_Mito_1024_4dTensor_dataset.gif HTTP/1.1 200,ok
2026-10-05-04-42-22,ExperimentHub,https://mghp.osn.xsede.org/bir190004-bucket01/ExperimentHub/BioImageDbs/v02/EM_id0005_Mouse_Kidney_2D_All_Mito_1024_4dTensor_dataset.gif HTTP/1.1 200,ok
2026-10-05-04-03-55,ExperimentHub,https://mghp.osn.xsede.org/bir190004-bucket01/ExperimentHub/BioImageDbs/v02/EM_id0005_Mouse_Kidney_2D_All_Mito_1024_4dTensor_dataset.gif HTTP/1.1 200,ok
2026-10-05-03-37-15,ExperimentHub,https://mghp.osn.xsede.org/bir190004-bucket01/ExperimentHub/BioImageDbs/v02/EM_id0005_Mouse_Kidney_2D_All_Mito_1024_4dTensor_dataset.gif HTTP/1.1 200,ok
2026-10-05-02-54-19,ExperimentHub,https://mghp.osn.xsede.org/bir190004-bucket01/ExperimentHub/BioImageDbs/v02/EM_id0005_Mouse_Kidney_2D_All_Mito_1024_4dTensor_dataset.gif HTTP/1.1 200,ok
2026-10-05-02-00-58,ExperimentHub,https://mghp.osn.xsede.org/bir190004-bucket01/ExperimentHub/BioImageDbs/v02/EM_id0005_Mouse_Kidney_2D_All_Mito_1024_4dTensor_dataset.gif HTTP/1.1 200,ok
2026-10-05-01-41-30,ExperimentHub,https://mghp.osn.xsede.org/bir190004-bucket01/ExperimentHub/BioImageDbs/v02/EM_id0005_Mouse_Kidney_2D_All_Mito_1024_4dTensor_dataset.gif HTTP/1.1 200,ok
2026-10-05-01-11-12,ExperimentHub,https://mghp.osn.xsede.org/bir190004-bucket01/ExperimentHub/BioImageDbs/v02/EM_id0005_Mouse_Kidney_2D_All_Mito_1024_4dTensor_dataset.gif HTTP/1.1 200,ok
2026-10-05-00-31-34,ExperimentHub,https://mghp.osn.xsede.org/bir190004-bucket01/ExperimentHub/BioImageDbs/v02/EM_id0005_Mouse_Kidney_2D_All_Mito_1024_4dTensor_dataset.gif HTTP/1.1 200,ok
2026-10-04-23-59-16,ExperimentHub,https://mghp.osn.xsede.org/bir190004-bucket01/ExperimentHub/BioImageDbs/v02/EM_id0005_Mouse_Kidney_2D_All_Mito_1024_4dTensor_dataset.gif HTTP/1.1 200,ok
2026-10-04-23-32-53,ExperimentHub,https://mghp.osn.xsede.org/bir190004-bucket01/ExperimentHub/BioImageDbs/v02/EM_id0005_Mouse_Kidney_2D_All_Mito_1024_4dTensor_dataset.gif HTTP/1.1 200,ok
2026-10-04-23-00-09,ExperimentHub,https://mghp.osn.xsede.org/bir190004-bucket01/ExperimentHub/BioImageDbs/v02/EM_id0005_Mouse_Kidney_2D_All_Mito_1024_4dTensor_dataset.gif HTTP/1.1 200,ok
2026-10-04-22-37-50,ExperimentHub,https://mghp.osn.xsede.org/bir190004-bucket01/ExperimentHub/BioImageDbs/v02/EM_id0005_Mouse_Kidney_2D_All_Mito_1024_4dTensor_dataset.gif HTTP/1.1 200,ok
2026-10-04-21-55-12,ExperimentHub,https://mghp.osn.xsede.org/bir190004-bucket01/ExperimentHub/BioImageDbs/v02/EM_id0005_Mouse_Kidney_2D_All_Mito_1024_4dTensor_dataset.gif HTTP/1.1 200,ok
2026-10-04-21-22-01,ExperimentHub,https://mghp.osn.xsede.org/bir190004-bucket01/ExperimentHub/BioImageDbs/v02/EM_id0005_Mouse_Kidney_2D_All_Mito_1024_4dTensor_dataset.gif HTTP/1.1 200,ok
2026-10-04-20-34-49,ExperimentHub,https://mghp.osn.xsede.org/bir190004-bucket01/ExperimentHub/BioImageDbs/v02/EM_id0005_Mouse_Kidney_2D_All_Mito_1024_4dTensor_dataset.gif HTTP/1.1 200,ok
2026-10-04-19-53-37,ExperimentHub,https://mghp.osn.xsede.org/bir190004-bucket01/ExperimentHub/BioImageDbs/v02/EM_id0005_Mouse_Kidney_2D_All_Mito_1024_4dTensor_dataset.gif HTTP/1.1 200,ok
2026-10-04-19-44-50,ExperimentHub,https://mghp.osn.xsede.org/bir190004-bucket01/ExperimentHub/BioImageDbs/v02/EM_id0005_Mouse_Kidney_2D_All_Mito_1024_4dTensor_dataset.gif HTTP/1.1 200,ok
2026-10-04-19-33-02,ExperimentHub,https://mghp.osn.xsede.org/bir190004-bucket01/ExperimentHub/BioImageDbs/v02/EM_id0005_Mouse_Kidney_2D_All_Mito_1024_4dTensor_dataset.gif HTTP/1.1 200,ok
2026-10-04-19-21-25,ExperimentHub,https://mghp.osn.xsede.org/bir190004-bucket01/ExperimentHub/BioImageDbs/v02/EM_id0005_Mouse_Kidney_2D_All_Mito_1024_4dTensor_dataset.gif HTTP/1.1 200,ok
2026-10-04-19-03-53,ExperimentHub,https://mghp.osn.xsede.org/bir190004-bucket01/ExperimentHub/BioImageDbs/v02/EM_id0005_Mouse_Kidney_2D_All_Mito_1024_4dTensor_dataset.gif HTTP/1.1 200,ok
2026-10-04-18-52-16,ExperimentHub,https://mghp.osn.xsede.org/bir190004-bucket01/ExperimentHub/BioImageDbs/v02/EM_id0005_Mouse_Kidney_2D_All_Mito_1024_4dTensor_dataset.gif HTTP/1.1 200,ok
2026-10-04-18-43-21,ExperimentHub,https://mghp.osn.xsede.org/bir190004-bucket01/ExperimentHub/BioImageDbs/v02/EM_id0005_Mouse_Kidney_2D_All_Mito_1024_4dTensor_dataset.gif HTTP/1.1 200,ok
2026-10-04-18-31-45,ExperimentHub,https://mghp.osn.xsede.org/bir190004-bucket01/ExperimentHub/BioImageDbs/v02/EM_id0005_Mouse_Kidney_2D_All_Mito_1024_4dTensor_dataset.gif HTTP/1.1 200,ok
2026-10-04-18-18-56,ExperimentHub,https://mghp.osn.xsede.org/bir190004-bucket01/ExperimentHub/BioImageDbs/v02/EM_id0005_Mouse_Kidney_2D_All_Mito_1024_4dTensor_dataset.gif HTTP/1.1 200,ok
2026-10-04-17-57-02,ExperimentHub,https://mghp.osn.xsede.org/bir190004-bucket01/ExperimentHub/BioImageDbs/v02/EM_id0005_Mouse_Kidney_2D_All_Mito_1024_4dTensor_dataset.gif HTTP/1.1 200,ok
2026-10-04-17-47-21,ExperimentHub,https://mghp.osn.xsede.org/bir190004-bucket01/ExperimentHub/BioImageDbs/v02/EM_id0005_Mouse_Kidney_2D_All_Mito_1024_4dTensor_dataset.gif HTTP/1.1 200,ok
2026-10-04-17-32-36,ExperimentHub,https://mghp.osn.xsede.org/bir190004-bucket01/ExperimentHub/BioImageDbs/v02/EM_id0005_Mouse_Kidney_2D_All_Mito_1024_4dTensor_dataset.gif HTTP/1.1 200,ok
2026-10-04-17-07-43,ExperimentHub,https://mghp.osn.xsede.org/bir190004-bucket01/ExperimentHub/BioImageDbs/v02/EM_id0005_Mouse_Kidney_2D_All_Mito_1024_4dTensor_dataset.gif HTTP/1.1 200,ok
2026-10-04-16-14-07,ExperimentHub,https://mghp.osn.xsede.org/bir190004-bucket01/ExperimentHub/BioImageDbs/v02/EM_id0005_Mouse_Kidney_2D_All_Mito_1024_4dTensor_dataset.gif HTTP/1.1 200,ok
2026-10-04-15-09-34,ExperimentHub,https://mghp.osn.xsede.org/bir190004-bucket01/ExperimentHub/BioImageDbs/v02/EM_id0005_Mouse_Kidney_2D_All_Mito_1024_4dTensor_dataset.gif HTTP/1.1 200,ok
2026-10-04-13-58-50,ExperimentHub,https://mghp.osn.xsede.org/bir190004-bucket01/ExperimentHub/BioImageDbs/v02/EM_id0005_Mouse_Kidney_2D_All_Mito_1024_4dTensor_dataset.gif HTTP/1.1 200,ok
2026-10-04-12-45-39,ExperimentHub,https://mghp.osn.xsede.org/bir190004-bucket01/ExperimentHub/BioImageDbs/v02/EM_id0005_Mouse_Kidney_2D_All_Mito_1024_4dTensor_dataset.gif HTTP/1.1 200,ok
2026-10-04-11-03-17,ExperimentHub,https://mghp.osn.xsede.org/bir190004-bucket01/ExperimentHub/BioImageDbs/v02/EM_id0005_Mouse_Kidney_2D_All_Mito_1024_4dTensor_dataset.gif HTTP/1.1 200,ok
2026-10-04-09-18-27,ExperimentHub,https://mghp.osn.xsede.org/bir190004-bucket01/ExperimentHub/BioImageDbs/v02/EM_id0005_Mouse_Kidney_2D_All_Mito_1024_4dTensor_dataset.gif HTTP/1.1 200,ok
2026-10-04-07-12-54,ExperimentHub,https://mghp.osn.xsede.org/bir190004-bucket01/ExperimentHub/BioImageDbs/v02/EM_id0005_Mouse_Kidney_2D_All_Mito_1024_4dTensor_dataset.gif HTTP/1.1 200,ok
2026-10-04-05-37-29,ExperimentHub,https://mghp.osn.xsede.org/bir190004-bucket01/ExperimentHub/BioImageDbs/v02/EM_id0005_Mouse_Kidney_2D_All_Mito_1024_4dTensor_dataset.gif HTTP/1.1 200,ok
2026-10-04-03-19-48,ExperimentHub,https://mghp.osn.xsede.org/bir190004-bucket01/ExperimentHub/BioImageDbs/v02/EM_id0005_Mouse_Kidney_2D_All_Mito_1024_4dTensor_dataset.gif HTTP/1.1 200,ok
2026-10-04-01-16-52,ExperimentHub,https://mghp.osn.xsede.org/bir190004-bucket01/ExperimentHub/BioImageDbs/v02/EM_id0005_Mouse_Kidney_2D_All_Mito_1024_4dTensor_dataset.gif HTTP/1.1 200,ok
2026-10-03-23-50-47,ExperimentHub,https://mghp.osn.xsede.org/bir190004-bucket01/ExperimentHub/BioImageDbs/v02/EM_id0005_Mouse_Kidney_2D_All_Mito_1024_4dTensor_dataset.gif HTTP/1.1 200,ok
2026-10-03-22-33-11,ExperimentHub,https://mghp.osn.xsede.org/bir190004-bucket01/ExperimentHub/BioImageDbs/v02/EM_id0005_Mouse_Kidney_2D_All_Mito_1024_4dTensor_dataset.gif HTTP/1.1 200,ok
2026-10-03-21-41-20,ExperimentHub,https://mghp.osn.xsede.org/bir190004-bucket01/ExperimentHub/BioImageDbs/v02/EM_id0005_Mouse_Kidney_2D_All_Mito_1024_4dTensor_dataset.gif HTTP/1.1 200,ok
2026-10-03-20-25-31,ExperimentHub,https://mghp.osn.xsede.org/bir190004-bucket01/ExperimentHub/BioImageDbs/v02/EM_id0005_Mouse_Kidney_2D_All_Mito_1024_4dTensor_dataset.gif HTTP/1.1 200,ok
2026-10-03-19-31-07,ExperimentHub,https://mghp.osn.xsede.org/bir190004-bucket01/ExperimentHub/BioImageDbs/v02/EM_id0005_Mouse_Kidney_2D_All_Mito_1024_4dTensor_dataset.gif HTTP/1.1 200,ok
2026-10-03-18-34-05,ExperimentHub,https://mghp.osn.xsede.org/bir190004-bucket01/ExperimentHub/BioImageDbs/v02/EM_id0005_Mouse_Kidney_2D_All_Mito_1024_4dTensor_dataset.gif HTTP/1.1 200,ok
2026-10-03-17-36-53,ExperimentHub,https://mghp.osn.xsede.org/bir190004-bucket01/ExperimentHub/BioImageDbs/v02/EM_id0005_Mouse_Kidney_2D_All_Mito_1024_4dTensor_dataset.gif HTTP/1.1 200,ok
2026-10-03-16-27-26,ExperimentHub,https://mghp.osn.xsede.org/bir190004-bucket01/ExperimentHub/BioImageDbs/v02/EM_id0005_Mouse_Kidney_2D_All_Mito_1024_4dTensor_dataset.gif HTTP/1.1 200,ok
2026-10-03-15-30-35,ExperimentHub,https://mghp.osn.xsede.org/bir190004-bucket01/ExperimentHub/BioImageDbs/v02/EM_id0005_Mouse_Kidney_2D_All_Mito_1024_4dTensor_dataset.gif HTTP/1.1 200,ok
2026-10-03-14-29-56,ExperimentHub,https://mghp.osn.xsede.org/bir190004-bucket01/ExperimentHub/BioImageDbs/v02/EM_id0005_Mouse_Kidney_2D_All_Mito_1024_4dTensor_dataset.gif HTTP/1.1 200,ok
2026-10-03-13-35-31,ExperimentHub,https://mghp.osn.xsede.org/bir190004-bucket01/ExperimentHub/BioImageDbs/v02/EM_id0005_Mouse_Kidney_2D_All_Mito_1024_4dTensor_dataset.gif HTTP/1.1 200,ok
2026-10-03-12-09-54,ExperimentHub,https://mghp.osn.xsede.org/bir190004-bucket01/ExperimentHub/BioImageDbs/v02/EM_id0005_Mouse_Kidney_2D_All_Mito_1024_4dTensor_dataset.gif HTTP/1.1 200,ok
2026-10-03-10-48-30,ExperimentHub,https://mghp.osn.xsede.org/bir190004-bucket01/ExperimentHub/BioImageDbs/v02/EM_id0005_Mouse_Kidney_2D_All_Mito_1024_4dTensor_dataset.gif HTTP/1.1 200,ok
2026-10-03-09-51-46,ExperimentHub,https://mghp.osn.xsede.org/bir190004-bucket01/ExperimentHub/BioImageDbs/v02/EM_id0005_Mouse_Kidney_2D_All_Mito_1024_4dTensor_dataset.gif HTTP/1.1 200,ok
2026-10-03-07-58-49,ExperimentHub,https://mghp.osn.xsede.org/bir190004-bucket01/ExperimentHub/BioImageDbs/v02/EM_id0005_Mouse_Kidney_2D_All_Mito_1024_4dTensor_dataset.gif HTTP/1.1 200,ok
2026-10-03-06-58-28,ExperimentHub,https://mghp.osn.xsede.org/bir190004-bucket01/ExperimentHub/BioImageDbs/v02/EM_id0005_Mouse_Kidney_2D_All_Mito_1024_4dTensor_dataset.gif HTTP/1.1 200,ok
2026-10-03-06-33-37,ExperimentHub,https://mghp.osn.xsede.org/bir190004-bucket01/ExperimentHub/BioImageDbs/v02/EM_id0005_Mouse_Kidney_2D_All_Mito_1024_4dTensor_dataset.gif HTTP/1.1 200,ok
2026-10-03-06-16-42,ExperimentHub,https://mghp.osn.xsede.org/bir190004-bucket01/ExperimentHub/BioImageDbs/v02/EM_id0005_Mouse_Kidney_2D_All_Mito_1024_4dTensor_dataset.gif HTTP/1.1 200,ok
2026-10-03-05-55-13,ExperimentHub,https://mghp.osn.xsede.org/bir190004-bucket01/ExperimentHub/BioImageDbs/v02/EM_id0005_Mouse_Kidney_2D_All_Mito_1024_4dTensor_dataset.gif HTTP/1.1 200,ok
2026-10-03-05-45-58,ExperimentHub,https://mghp.osn.xsede.org/bir190004-bucket01/ExperimentHub/BioImageDbs/v02/EM_id0005_Mouse_Kidney_2D_All_Mito_1024_4dTensor_dataset.gif HTTP/1.1 200,ok
2026-10-03-05-35-09,ExperimentHub,https://mghp.osn.xsede.org/bir190004-bucket01/ExperimentHub/BioImageDbs/v02/EM_id0005_Mouse_Kidney_2D_All_Mito_1024_4dTensor_dataset.gif HTTP/1.1 200,ok
2026-10-03-05-21-59,ExperimentHub,https://mghp.osn.xsede.org/bir190004-bucket01/ExperimentHub/BioImageDbs/v02/EM_id0005_Mouse_Kidney_2D_All_Mito_1024_4dTensor_dataset.gif HTTP/1.1 200,ok
2026-10-03-04-58-54,ExperimentHub,https://mghp.osn.xsede.org/bir190004-bucket01/ExperimentHub/BioImageDbs/v02/EM_id0005_Mouse_Kidney_2D_All_Mito_1024_4dTensor_dataset.gif HTTP/1.1 200,ok
2026-10-03-04-48-33,ExperimentHub,https://mghp.osn.xsede.org/bir190004-bucket01/ExperimentHub/BioImageDbs/v02/EM_id0005_Mouse_Kidney_2D_All_Mito_1024_4dTensor_dataset.gif HTTP/1.1 200,ok
2026-10-03-04-26-57,ExperimentHub,https://mghp.osn.xsede.org/bir190004-bucket01/ExperimentHub/BioImageDbs/v02/EM_id0005_Mouse_Kidney_2D_All_Mito_1024_4dTensor_dataset.gif HTTP/1.1 200,ok
2026-10-03-03-58-03,ExperimentHub,https://mghp.osn.xsede.org/bir190004-bucket01/ExperimentHub/BioImageDbs/v02/EM_id0005_Mouse_Kidney_2D_All_Mito_1024_4dTensor_dataset.gif HTTP/1.1 200,ok
2026-10-03-03-48-31,ExperimentHub,https://mghp.osn.xsede.org/bir190004-bucket01/ExperimentHub/BioImageDbs/v02/EM_id0005_Mouse_Kidney_2D_All_Mito_1024_4dTensor_dataset.gif HTTP/1.1 200,ok
2026-10-03-03-31-13,ExperimentHub,https://mghp.osn.xsede.org/bir190004-bucket01/ExperimentHub/BioImageDbs/v02/EM_id0005_Mouse_Kidney_2D_All_Mito_1024_4dTensor_dataset.gif HTTP/1.1 200,ok
2026-10-03-03-06-03,ExperimentHub,https://mghp.osn.xsede.org/bir190004-bucket01/ExperimentHub/BioImageDbs/v02/EM_id0005_Mouse_Kidney_2D_All_Mito_1024_4dTensor_dataset.gif HTTP/1.1 200,ok
2026-10-03-02-36-48,ExperimentHub,https://mghp.osn.xsede.org/bir190004-bucket01/ExperimentHub/BioImageDbs/v02/EM_id0005_Mouse_Kidney_2D_All_Mito_1024_4dTensor_dataset.gif HTTP/1.1 200,ok
2026-10-03-02-00-27,ExperimentHub,https://mghp.osn.xsede.org/bir190004-bucket01/ExperimentHub/BioImageDbs/v02/EM_id0005_Mouse_Kidney_2D_All_Mito_1024_4dTensor_dataset.gif HTTP/1.1 200,ok
2026-10-03-01-46-57,ExperimentHub,https://mghp.osn.xsede.org/bir190004-bucket01/ExperimentHub/BioImageDbs/v02/EM_id0005_Mouse_Kidney_2D_All_Mito_1024_4dTensor_dataset.gif HTTP/1.1 200,ok
2026-10-03-01-26-06,ExperimentHub,https://mghp.osn.xsede.org/bir190004-bucket01/ExperimentHub/BioImageDbs/v02/EM_id0005_Mouse_Kidney_2D_All_Mito_1024_4dTensor_dataset.gif HTTP/1.1 200,ok
2026-10-03-00-57-43,ExperimentHub,https://mghp.osn.xsede.org/bir190004-bucket01/ExperimentHub/BioImageDbs/v02/EM_id0005_Mouse_Kidney_2D_All_Mito_1024_4dTensor_dataset.gif HTTP/1.1 200,ok
2026-10-03-00-47-29,ExperimentHub,https://mghp.osn.xsede.org/bir190004-bucket01/ExperimentHub/BioImageDbs/v02/EM_id0005_Mouse_Kidney_2D_All_Mito_1024_4dTensor_dataset.gif HTTP/1.1 200,ok
2026-10-03-00-30-01,ExperimentHub,https://mghp.osn.xsede.org/bir190004-bucket01/ExperimentHub/BioImageDbs/v02/EM_id0005_Mouse_Kidney_2D_All_Mito_1024_4dTensor_dataset.gif HTTP/1.1 200,ok
2026-10-03-00-05-21,ExperimentHub,https://mghp.osn.xsede.org/bir190004-bucket01/ExperimentHub/BioImageDbs/v02/EM_id0005_Mouse_Kidney_2D_All_Mito_1024_4dTensor_dataset.gif HTTP/1.1 200,ok
2026-10-02-23-42-15,ExperimentHub,https://mghp.osn.xsede.org/bir190004-bucket01/ExperimentHub/BioImageDbs/v02/EM_id0005_Mouse_Kidney_2D_All_Mito_1024_4dTensor_dataset.gif HTTP/1.1 200,ok
2026-10-02-23-10-32,ExperimentHub,https://mghp.osn.xsede.org/bir190004-bucket01/ExperimentHub/BioImageDbs/v02/EM_id0005_Mouse_Kidney_2D_All_Mito_1024_4dTensor_dataset.gif HTTP/1.1 200,ok
2026-10-02-22-48-51,ExperimentHub,https://mghp.osn.xsede.org/bir190004-bucket01/ExperimentHub/BioImageDbs/v02/EM_id0005_Mouse_Kidney_2D_All_Mito_1024_4dTensor_dataset.gif HTTP/1.1 200,ok
2026-10-02-22-21-03,ExperimentHub,https://mghp.osn.xsede.org/bir190004-bucket01/ExperimentHub/BioImageDbs/v02/EM_id0005_Mouse_Kidney_2D_All_Mito_1024_4dTensor_dataset.gif HTTP/1.1 200,ok
2026-10-02-21-54-18,ExperimentHub,https://mghp.osn.xsede.org/bir190004-bucket01/ExperimentHub/BioImageDbs/v02/EM_id0005_Mouse_Kidney_2D_All_Mito_1024_4dTensor_dataset.gif HTTP/1.1 200,ok
2026-10-02-21-32-17,ExperimentHub,https://mghp.osn.xsede.org/bir190004-bucket01/ExperimentHub/BioImageDbs/v02/EM_id0005_Mouse_Kidney_2D_All_Mito_1024_4dTensor_dataset.gif HTTP/1.1 200,ok
2026-10-02-20-55-36,ExperimentHub,https://mghp.osn.xsede.org/bir190004-bucket01/ExperimentHub/BioImageDbs/v02/EM_id0005_Mouse_Kidney_2D_All_Mito_1024_4dTensor_dataset.gif HTTP/1.1 200,ok
2026-10-02-19-59-54,ExperimentHub,https://mghp.osn.xsede.org/bir190004-bucket01/ExperimentHub/BioImageDbs/v02/EM_id0005_Mouse_Kidney_2D_All_Mito_1024_4dTensor_dataset.gif HTTP/1.1 200,ok
2026-10-02-19-50-57,ExperimentHub,https://mghp.osn.xsede.org/bir190004-bucket01/ExperimentHub/BioImageDbs/v02/EM_id0005_Mouse_Kidney_2D_All_Mito_1024_4dTensor_dataset.gif HTTP/1.1 200,ok
2026-10-02-19-41-43,ExperimentHub,https://mghp.osn.xsede.org/bir190004-bucket01/ExperimentHub/BioImageDbs/v02/EM_id0005_Mouse_Kidney_2D_All_Mito_1024_4dTensor_dataset.gif HTTP/1.1 200,ok
2026-10-02-19-30-01,ExperimentHub,https://mghp.osn.xsede.org/bir190004-bucket01/ExperimentHub/BioImageDbs/v02/EM_id0005_Mouse_Kidney_2D_All_Mito_1024_4dTensor_dataset.gif HTTP/1.1 200,ok
2026-10-02-19-17-13,ExperimentHub,https://mghp.osn.xsede.org/bir190004-bucket01/ExperimentHub/BioImageDbs/v02/EM_id0005_Mouse_Kidney_2D_All_Mito_1024_4dTensor_dataset.gif HTTP/1.1 200,ok
2026-10-02-18-58-03,ExperimentHub,https://mghp.osn.xsede.org/bir190004-bucket01/ExperimentHub/BioImageDbs/v02/EM_id0005_Mouse_Kidney_2D_All_Mito_1024_4dTensor_dataset.gif HTTP/1.1 200,ok
2026-10-02-18-49-13,ExperimentHub,https://mghp.osn.xsede.org/bir190004-bucket01/ExperimentHub/BioImageDbs/v02/EM_id0005_Mouse_Kidney_2D_All_Mito_1024_4dTensor_dataset.gif HTTP/1.1 200,ok
2026-10-02-18-38-53,ExperimentHub,https://mghp.osn.xsede.org/bir190004-bucket01/ExperimentHub/BioImageDbs/v02/EM_id0005_Mouse_Kidney_2D_All_Mito_1024_4dTensor_dataset.gif HTTP/1.1 200,ok
2026-10-02-18-24-30,ExperimentHub,https://mghp.osn.xsede.org/bir190004-bucket01/ExperimentHub/BioImageDbs/v02/EM_id0005_Mouse_Kidney_2D_All_Mito_1024_4dTensor_dataset.gif HTTP/1.1 200,ok
2026-10-02-18-07-42,ExperimentHub,https://mghp.osn.xsede.org/bir190004-bucket01/ExperimentHub/BioImageDbs/v02/EM_id0005_Mouse_Kidney_2D_All_Mito_1024_4dTensor_dataset.gif HTTP/1.1 200,ok
2026-10-02-17-53-02,ExperimentHub,https://mghp.osn.xsede.org/bir190004-bucket01/ExperimentHub/BioImageDbs/v02/EM_id0005_Mouse_Kidney_2D_All_Mito_1024_4dTensor_dataset.gif HTTP/1.1 200,ok
2026-10-02-17-44-00,ExperimentHub,https://mghp.osn.xsede.org/bir190004-bucket01/ExperimentHub/BioImageDbs/v02/EM_id0005_Mouse_Kidney_2D_All_Mito_1024_4dTensor_dataset.gif HTTP/1.1 200,ok
2026-10-02-17-31-35,ExperimentHub,https://mghp.osn.xsede.org/bir190004-bucket01/ExperimentHub/BioImageDbs/v02/EM_id0005_Mouse_Kidney_2D_All_Mito_1024_4dTensor_dataset.gif HTTP/1.1 200,ok
2026-10-02-17-18-06,ExperimentHub,https://mghp.osn.xsede.org/bir190004-bucket01/ExperimentHub/BioImageDbs/v02/EM_id0005_Mouse_Kidney_2D_All_Mito_1024_4dTensor_dataset.gif HTTP/1.1 200,ok
2026-10-02-16-55-53,ExperimentHub,https://mghp.osn.xsede.org/bir190004-bucket01/ExperimentHub/BioImageDbs/v02/EM_id0005_Mouse_Kidney_2D_All_Mito_1024_4dTensor_dataset.gif HTTP/1.1 200,ok
2026-10-02-16-46-29,ExperimentHub,https://mghp.osn.xsede.org/bir190004-bucket01/ExperimentHub/BioImageDbs/v02/EM_id0005_Mouse_Kidney_2D_All_Mito_1024_4dTensor_dataset.gif HTTP/1.1 200,ok
2026-10-02-16-33-18,ExperimentHub,https://mghp.osn.xsede.org/bir190004-bucket01/ExperimentHub/BioImageDbs/v02/EM_id0005_Mouse_Kidney_2D_All_Mito_1024_4dTensor_dataset.gif HTTP/1.1 200,ok
2026-10-02-16-19-24,ExperimentHub,https://mghp.osn.xsede.org/bir190004-bucket01/ExperimentHub/BioImageDbs/v02/EM_id0005_Mouse_Kidney_2D_All_Mito_1024_4dTensor_dataset.gif HTTP/1.1 200,ok
2026-10-02-15-56-18,ExperimentHub,https://mghp.osn.xsede.org/bir190004-bucket01/ExperimentHub/BioImageDbs/v02/EM_id0005_Mouse_Kidney_2D_All_Mito_1024_4dTensor_dataset.gif HTTP/1.1 200,ok
2026-10-02-15-47-26,ExperimentHub,https://mghp.osn.xsede.org/bir190004-bucket01/ExperimentHub/BioImageDbs/v02/EM_id0005_Mouse_Kidney_2D_All_Mito_1024_4dTensor_dataset.gif HTTP/1.1 200,ok
2026-10-02-15-37-16,ExperimentHub,https://mghp.osn.xsede.org/bir190004-bucket01/ExperimentHub/BioImageDbs/v02/EM_id0005_Mouse_Kidney_2D_All_Mito_1024_4dTensor_dataset.gif HTTP/1.1 200,ok
2026-10-02-15-23-36,ExperimentHub,https://mghp.osn.xsede.org/bir190004-bucket01/ExperimentHub/BioImageDbs/v02/EM_id0005_Mouse_Kidney_2D_All_Mito_1024_4dTensor_dataset.gif HTTP/1.1 200,ok
2026-10-02-15-08-04,ExperimentHub,https://mghp.osn.xsede.org/bir190004-bucket01/ExperimentHub/BioImageDbs/v02/EM_id0005_Mouse_Kidney_2D_All_Mito_1024_4dTensor_dataset.gif HTTP/1.1 200,ok
2026-10-02-14-53-22,ExperimentHub,https://mghp.osn.xsede.org/bir190004-bucket01/ExperimentHub/BioImageDbs/v02/EM_id0005_Mouse_Kidney_2D_All_Mito_1024_4dTensor_dataset.gif HTTP/1.1 200,ok
2026-10-02-14-38-58,ExperimentHub,https://mghp.osn.xsede.org/bir190004-bucket01/ExperimentHub/BioImageDbs/v02/EM_id0005_Mouse_Kidney_2D_All_Mito_1024_4dTensor_dataset.gif HTTP/1.1 200,ok
2026-10-02-14-18-42,ExperimentHub,https://mghp.osn.xsede.org/bir190004-bucket01/ExperimentHub/BioImageDbs/v02/EM_id0005_Mouse_Kidney_2D_All_Mito_1024_4dTensor_dataset.gif HTTP/1.1 200,ok
2026-10-02-13-54-14,ExperimentHub,https://mghp.osn.xsede.org/bir190004-bucket01/ExperimentHub/BioImageDbs/v02/EM_id0005_Mouse_Kidney_2D_All_Mito_1024_4dTensor_dataset.gif HTTP/1.1 200,ok
2026-10-02-13-45-13,ExperimentHub,https://mghp.osn.xsede.org/bir190004-bucket01/ExperimentHub/BioImageDbs/v02/EM_id0005_Mouse_Kidney_2D_All_Mito_1024_4dTensor_dataset.gif HTTP/1.1 200,ok
2026-10-02-13-33-42,ExperimentHub,https://mghp.osn.xsede.org/bir190004-bucket01/ExperimentHub/BioImageDbs/v02/EM_id0005_Mouse_Kidney_2D_All_Mito_1024_4dTensor_dataset.gif HTTP/1.1 200,ok
2026-10-02-13-21-20,ExperimentHub,https://mghp.osn.xsede.org/bir190004-bucket01/ExperimentHub/BioImageDbs/v02/EM_id0005_Mouse_Kidney_2D_All_Mito_1024_4dTensor_dataset.gif HTTP/1.1 200,ok
2026-10-02-13-00-40,ExperimentHub,https://mghp.osn.xsede.org/bir190004-bucket01/ExperimentHub/BioImageDbs/v02/EM_id0005_Mouse_Kidney_2D_All_Mito_1024_4dTensor_dataset.gif HTTP/1.1 200,ok
2026-10-02-12-51-31,ExperimentHub,https://mghp.osn.xsede.org/bir190004-bucket01/ExperimentHub/BioImageDbs/v02/EM_id0005_Mouse_Kidney_2D_All_Mito_1024_4dTensor_dataset.gif HTTP/1.1 200,ok
2026-10-02-12-39-27,ExperimentHub,https://mghp.osn.xsede.org/bir190004-bucket01/ExperimentHub/BioImageDbs/v02/EM_id0005_Mouse_Kidney_2D_All_Mito_1024_4dTensor_dataset.gif HTTP/1.1 200,ok
2026-10-02-12-23-02,ExperimentHub,https://mghp.osn.xsede.org/bir190004-bucket01/ExperimentHub/BioImageDbs/v02/EM_id0005_Mouse_Kidney_2D_All_Mito_1024_4dTensor_dataset.gif HTTP/1.1 200,ok
2026-10-02-11-57-25,ExperimentHub,https://mghp.osn.xsede.org/bir190004-bucket01/ExperimentHub/BioImageDbs/v02/EM_id0005_Mouse_Kidney_2D_All_Mito_1024_4dTensor_dataset.gif HTTP/1.1 200,ok
2026-10-02-11-48-35,ExperimentHub,https://mghp.osn.xsede.org/bir190004-bucket01/ExperimentHub/BioImageDbs/v02/EM_id0005_Mouse_Kidney_2D_All_Mito_1024_4dTensor_dataset.gif HTTP/1.1 200,ok
2026-10-02-11-35-27,ExperimentHub,https://mghp.osn.xsede.org/bir190004-bucket01/ExperimentHub/BioImageDbs/v02/EM_id0005_Mouse_Kidney_2D_All_Mito_1024_4dTensor_dataset.gif HTTP/1.1 200,ok
2026-10-02-11-21-03,ExperimentHub,https://mghp.osn.xsede.org/bir190004-bucket01/ExperimentHub/BioImageDbs/v02/EM_id0005_Mouse_Kidney_2D_All_Mito_1024_4dTensor_dataset.gif HTTP/1.1 200,ok
2026-10-02-10-56-45,ExperimentHub,https://mghp.osn.xsede.org/bir190004-bucket01/ExperimentHub/BioImageDbs/v02/EM_id0005_Mouse_Kidney_2D_All_Mito_1024_4dTensor_dataset.gif HTTP/1.1 200,ok
2026-10-02-10-45-53,ExperimentHub,https://mghp.osn.xsede.org/bir190004-bucket01/ExperimentHub/BioImageDbs/v02/EM_id0005_Mouse_Kidney_2D_All_Mito_1024_4dTensor_dataset.gif HTTP/1.1 200,ok
2026-10-02-10-26-52,ExperimentHub,https://mghp.osn.xsede.org/bir190004-bucket01/ExperimentHub/BioImageDbs/v02/EM_id0005_Mouse_Kidney_2D_All_Mito_1024_4dTensor_dataset.gif HTTP/1.1 200,ok
2026-10-02-10-04-46,ExperimentHub,https://mghp.osn.xsede.org/bir190004-bucket01/ExperimentHub/BioImageDbs/v02/EM_id0005_Mouse_Kidney_2D_All_Mito_1024_4dTensor_dataset.gif HTTP/1.1 200,ok
2026-10-02-09-52-17,ExperimentHub,https://mghp.osn.xsede.org/bir190004-bucket01/ExperimentHub/BioImageDbs/v02/EM_id0005_Mouse_Kidney_2D_All_Mito_1024_4dTensor_dataset.gif HTTP/1.1 200,ok
2026-10-02-09-41-07,ExperimentHub,https://mghp.osn.xsede.org/bir190004-bucket01/ExperimentHub/BioImageDbs/v02/EM_id0005_Mouse_Kidney_2D_All_Mito_1024_4dTensor_dataset.gif HTTP/1.1 200,ok
2026-10-02-09-24-28,ExperimentHub,https://mghp.osn.xsede.org/bir190004-bucket01/ExperimentHub/BioImageDbs/v02/EM_id0005_Mouse_Kidney_2D_All_Mito_1024_4dTensor_dataset.gif HTTP/1.1 200,ok
2026-10-02-09-01-15,ExperimentHub,https://mghp.osn.xsede.org/bir190004-bucket01/ExperimentHub/BioImageDbs/v02/EM_id0005_Mouse_Kidney_2D_All_Mito_1024_4dTensor_dataset.gif HTTP/1.1 200,ok
2026-10-02-08-45-26,ExperimentHub,https://mghp.osn.xsede.org/bir190004-bucket01/ExperimentHub/BioImageDbs/v02/EM_id0005_Mouse_Kidney_2D_All_Mito_1024_4dTensor_dataset.gif HTTP/1.1 200,ok
2026-10-02-08-17-30,ExperimentHub,https://mghp.osn.xsede.org/bir190004-bucket01/ExperimentHub/BioImageDbs/v02/EM_id0005_Mouse_Kidney_2D_All_Mito_1024_4dTensor_dataset.gif HTTP/1.1 200,ok
2026-10-02-07-53-39,ExperimentHub,https://mghp.osn.xsede.org/bir190004-bucket01/ExperimentHub/BioImageDbs/v02/EM_id0005_Mouse_Kidney_2D_All_Mito_1024_4dTensor_dataset.gif HTTP/1.1 200,ok
2026-10-02-07-43-17,ExperimentHub,https://mghp.osn.xsede.org/bir190004-bucket01/ExperimentHub/BioImageDbs/v02/EM_id0005_Mouse_Kidney_2D_All_Mito_1024_4dTensor_dataset.gif HTTP/1.1 200,ok
2026-10-02-07-28-55,ExperimentHub,https://mghp.osn.xsede.org/bir190004-bucket01/ExperimentHub/BioImageDbs/v02/EM_id0005_Mouse_Kidney_2D_All_Mito_1024_4dTensor_dataset.gif HTTP/1.1 200,ok
